City_ID,City,Lat,Lng,Max Temp,Humidity,Cloudiness,Wind Speed,Country,Date
0,Zhigansk,66.7697,123.3711,-24.7,95,100,12.68,RU,2022-02-08 05:04:34
1,Mataura,-46.1927,168.8643,59.49,43,0,2.46,NZ,2022-02-08 05:02:37
2,Busselton,-33.65,115.3333,72.09,69,91,9.48,AU,2022-02-08 05:04:35
3,New Norfolk,-42.7826,147.0587,79.66,36,73,3.0,AU,2022-02-08 05:04:35
4,Fanai,38.517,44.9745,24.57,53,84,3.29,IR,2022-02-08 05:04:36
5,Severo-Kurilsk,50.6789,156.125,32.63,83,60,10.27,RU,2022-02-08 05:04:36
6,Hobart,-42.8794,147.3294,80.02,53,75,12.66,AU,2022-02-08 05:02:15
7,Cherskiy,68.75,161.3,-35.39,100,29,1.41,RU,2022-02-08 05:04:37
8,Sarakhs,36.5449,61.1577,45.61,72,58,5.79,IR,2022-02-08 05:04:37
9,Kapaa,22.0752,-159.319,75.18,78,75,16.11,US,2022-02-08 05:04:38
10,Ushuaia,-54.8,-68.3,56.12,97,100,4.76,AR,2022-02-08 05:04:38
11,Assiniboia,49.6334,-105.9845,33.42,76,40,18.01,CA,2022-02-08 05:04:39
12,Puerto Ayora,-0.7393,-90.3518,72.25,85,11,4.9,EC,2022-02-08 05:04:39
13,Punta Arenas,-53.15,-70.9167,51.12,71,100,16.87,CL,2022-02-08 05:02:41
14,Rikitea,-23.1203,-134.9692,78.91,75,99,14.97,PF,2022-02-08 05:04:40
15,Kodiak,57.79,-152.4072,36.91,93,100,3.44,US,2022-02-08 05:04:40
16,Crotone,39.0851,17.1178,38.93,53,7,32.79,IT,2022-02-08 05:04:40
17,Salalah,17.0151,54.0924,71.69,18,0,27.63,OM,2022-02-08 05:04:41
18,Antalaha,-14.9003,50.2788,80.53,73,34,0.92,MG,2022-02-08 05:04:41
19,Tuktoyaktuk,69.4541,-133.0374,-34.13,100,100,6.8,CA,2022-02-08 05:04:42
20,Nikolskoye,59.7035,30.7861,31.91,99,96,3.47,RU,2022-02-08 05:04:42
21,Astoria,46.1879,-123.8313,43.97,93,20,0.0,US,2022-02-08 05:04:42
22,Qandala,11.472,49.8728,75.72,64,0,5.77,SO,2022-02-08 05:04:43
23,Hilo,19.7297,-155.09,71.33,87,100,5.75,US,2022-02-08 05:04:43
24,Bredasdorp,-34.5322,20.0403,65.28,93,17,1.25,ZA,2022-02-08 05:02:44
25,Qaanaaq,77.484,-69.3632,-11.54,68,100,4.7,GL,2022-02-08 05:04:44
26,Springdale,36.1867,-94.1288,39.33,61,0,5.75,US,2022-02-08 05:02:42
27,Shimoda,34.6667,138.95,46.11,50,93,12.26,JP,2022-02-08 05:04:45
28,Kulhudhuffushi,6.6221,73.07,80.35,69,37,12.68,MV,2022-02-08 05:04:45
29,Hermanus,-34.4187,19.2345,65.8,87,1,3.18,ZA,2022-02-08 05:04:45
30,Safranbolu,41.2508,32.6942,31.42,89,91,3.36,TR,2022-02-08 05:04:46
31,Rio Grande,-32.035,-52.0986,62.94,82,1,11.23,BR,2022-02-08 05:04:46
32,Khani,41.9563,42.9566,31.57,73,20,9.1,GE,2022-02-08 05:04:47
33,Ancud,-41.8697,-73.8203,63.23,95,97,6.13,CL,2022-02-08 05:04:47
34,Shizunai,42.3339,142.3669,30.6,60,61,12.19,JP,2022-02-08 05:04:48
35,Yellowknife,62.456,-114.3525,-5.58,92,100,13.09,CA,2022-02-08 05:02:28
36,Arraial Do Cabo,-22.9661,-42.0278,74.39,94,100,13.2,BR,2022-02-08 05:04:48
37,Souillac,-20.5167,57.5167,82.78,78,75,12.66,MU,2022-02-08 05:04:48
38,Talnakh,69.4865,88.3972,-9.8,94,98,10.09,RU,2022-02-08 05:04:49
39,Salina Cruz,16.1667,-95.2,72.84,69,9,18.39,MX,2022-02-08 05:04:49
40,Bluff,-46.6,168.3333,59.81,78,12,15.64,NZ,2022-02-08 05:04:50
41,Neiafu,-18.65,-173.9833,79.48,83,100,11.5,TO,2022-02-08 05:01:12
42,Gasa,31.5,34.4667,51.91,62,24,7.25,PS,2022-02-08 05:04:50
43,Kaseda,31.4167,130.3167,46.85,84,93,16.67,JP,2022-02-08 05:04:51
44,Jamestown,42.097,-79.2353,27.99,86,100,6.91,US,2022-02-08 05:04:25
45,Albany,42.6001,-73.9662,34.92,93,100,3.42,US,2022-02-08 05:00:10
46,Vaini,-21.2,-175.2,78.96,100,100,5.75,TO,2022-02-08 05:04:51
47,Tiksi,71.6872,128.8694,-24.88,99,47,5.44,RU,2022-02-08 05:04:52
48,Bataipora,-22.2953,-53.2711,60.66,58,5,4.18,BR,2022-02-08 05:03:36
49,Hamilton,39.1834,-84.5333,22.62,83,0,4.61,US,2022-02-08 05:04:52
50,Barcelona,41.3888,2.159,53.55,78,20,10.36,ES,2022-02-08 05:02:10
51,Walvis Bay,-22.9575,14.5053,70.09,89,100,6.64,NA,2022-02-08 05:04:53
52,Thompson,55.7435,-97.8558,21.36,98,100,5.26,CA,2022-02-08 05:04:53
53,Okhotsk,59.3833,143.3,12.67,78,100,6.91,RU,2022-02-08 05:04:54
54,Atuona,-9.8,-139.0333,78.26,76,11,15.39,PF,2022-02-08 05:04:54
55,Nemuro,43.3236,145.575,27.36,66,49,4.92,JP,2022-02-08 05:04:54
56,Umm Lajj,25.0213,37.2685,70.56,29,0,5.3,SA,2022-02-08 05:02:35
57,Sebina,-20.8667,27.25,64.11,75,3,5.75,BW,2022-02-08 05:04:55
58,Provideniya,64.3833,-173.3,-9.29,64,0,8.95,RU,2022-02-08 05:02:45
59,Botro,7.8525,-5.3106,69.48,81,23,3.18,CI,2022-02-08 05:04:55
60,Cape Town,-33.9258,18.4232,65.08,90,37,1.01,ZA,2022-02-08 05:01:03
61,Lagoa,39.05,-27.9833,58.89,67,83,7.31,PT,2022-02-08 05:04:56
62,Batagay-Alyta,67.8006,130.4114,-24.11,94,74,2.35,RU,2022-02-08 05:04:56
63,Idukki,9.85,76.9667,80.94,52,64,0.69,IN,2022-02-08 05:04:57
64,Bambous Virieux,-20.3428,57.7575,82.65,78,75,12.66,MU,2022-02-08 05:04:57
65,Plettenberg Bay,-34.0527,23.3716,67.96,61,0,1.57,ZA,2022-02-08 05:03:06
66,Geraldton,-28.7667,114.6,82.81,32,0,17.27,AU,2022-02-08 05:04:58
67,Dikson,73.5069,80.5464,6.69,89,100,25.12,RU,2022-02-08 05:04:58
68,Victoria,22.2855,114.1577,66.25,80,93,11.01,HK,2022-02-08 05:04:51
69,Salinopolis,-0.6136,-47.3561,77.09,89,96,6.24,BR,2022-02-08 05:04:58
70,Kavaratti,10.5669,72.642,78.57,72,21,10.0,IN,2022-02-08 05:04:59
71,Qeshm,26.9581,56.2719,60.67,49,0,1.68,IR,2022-02-08 05:04:59
72,Hualmay,-11.0964,-77.6139,70.27,80,99,7.58,PE,2022-02-08 05:05:00
73,Cabo San Lucas,22.8909,-109.9124,68.5,58,0,1.48,MX,2022-02-08 05:00:01
74,Xuddur,4.1213,43.8894,71.37,51,42,20.47,SO,2022-02-08 05:05:00
75,Chekhov,55.1431,37.4711,33.94,98,100,5.59,RU,2022-02-08 05:05:01
76,Port Alfred,-33.5906,26.891,74.28,74,28,3.33,ZA,2022-02-08 05:03:51
77,Concordia,-31.393,-58.0209,65.79,72,0,8.01,AR,2022-02-08 05:05:01
78,Los Llanos De Aridane,28.6585,-17.9182,60.55,72,0,12.66,ES,2022-02-08 05:05:02
79,Klaksvik,62.2266,-6.589,34.72,65,74,40.24,FO,2022-02-08 05:05:02
80,Mitu,1.1983,-70.1733,70.72,97,100,1.48,CO,2022-02-08 05:04:12
81,Port Elizabeth,-33.918,25.5701,62.89,94,75,4.61,ZA,2022-02-08 05:00:29
82,Norman Wells,65.282,-126.8329,-21.59,96,100,6.58,CA,2022-02-08 05:05:03
83,Ostrovnoy,68.0531,39.5131,17.4,91,100,15.66,RU,2022-02-08 05:05:04
84,Butaritari,3.0707,172.7902,82.67,76,97,18.21,KI,2022-02-08 05:05:04
85,Deputatskiy,69.3,139.9,-32.6,97,89,3.13,RU,2022-02-08 05:05:04
86,Laguna,38.421,-121.4238,56.23,79,0,1.01,US,2022-02-08 05:05:05
87,Koslan,63.4564,48.8989,12.36,97,100,5.19,RU,2022-02-08 05:05:05
88,Mahebourg,-20.4081,57.7,82.69,78,75,12.66,MU,2022-02-08 05:05:06
89,Luderitz,-26.6481,15.1594,71.11,71,23,4.61,NA,2022-02-08 05:05:06
90,Nome,64.5011,-165.4064,-20.67,87,7,11.81,US,2022-02-08 05:01:58
91,Bethel,41.3712,-73.414,37.26,93,100,4.7,US,2022-02-08 05:05:07
92,Jinxiang,27.4327,120.6062,50.54,70,67,13.78,CN,2022-02-08 05:05:07
93,Tasiilaq,65.6145,-37.6368,23.16,77,100,7.45,GL,2022-02-08 05:03:11
94,Goderich,43.7501,-81.7165,29.91,80,100,11.5,CA,2022-02-08 05:02:03
95,Upernavik,72.7868,-56.1549,-12.66,94,100,14.18,GL,2022-02-08 05:05:08
96,Codrington,-38.2667,141.9667,88.23,19,48,8.59,AU,2022-02-08 05:05:08
97,Kirovskiy,45.0917,133.5136,17.13,80,62,5.1,RU,2022-02-08 05:05:08
98,Sao Gabriel Da Cachoeira,-0.1303,-67.0892,72.54,100,100,1.95,BR,2022-02-08 05:01:06
99,Gravdal,68.1214,13.5031,35.49,64,75,13.8,NO,2022-02-08 05:05:09
100,Grand-Lahou,5.1367,-5.0242,77.58,89,84,5.46,CI,2022-02-08 05:05:09
101,Namibe,-15.1961,12.1522,70.86,84,97,8.16,AO,2022-02-08 05:05:10
102,Chau Doc,10.7,105.1167,89.73,51,91,5.86,VN,2022-02-08 05:05:10
103,Severo-Yeniseyskiy,60.3725,93.0408,-7.55,90,90,4.43,RU,2022-02-08 05:02:24
104,Beira,-19.8436,34.8389,78.89,83,40,10.36,MZ,2022-02-08 05:05:11
105,Varzea Da Palma,-17.5981,-44.7308,68.54,92,100,0.56,BR,2022-02-08 05:05:12
106,Esfahan,32.6572,51.6776,22.64,34,0,4.09,IR,2022-02-08 05:00:59
107,Tuatapere,-46.1333,167.6833,59.83,53,0,8.48,NZ,2022-02-08 05:05:12
108,Lincoln,40.8,-96.667,43.02,48,3,3.0,US,2022-02-08 05:01:31
109,Alofi,-19.0595,-169.9187,78.49,72,100,11.56,NU,2022-02-08 05:05:13
110,Port-Cartier,50.0334,-66.8654,13.75,96,100,7.4,CA,2022-02-08 05:05:13
111,Peniche,39.3558,-9.3811,52.74,58,0,11.41,PT,2022-02-08 05:05:14
112,Mar Del Plata,-38.0023,-57.5575,63.88,77,0,1.01,AR,2022-02-08 05:05:14
113,Caravelas,-17.7125,-39.2481,75.97,89,47,5.01,BR,2022-02-08 05:05:14
114,Sambava,-14.2667,50.1667,80.67,70,48,2.66,MG,2022-02-08 05:05:15
115,Monte Patria,-30.6919,-70.9467,70.27,57,0,1.57,CL,2022-02-08 05:01:37
116,Rio Gallegos,-51.6226,-69.2181,57.25,54,40,19.57,AR,2022-02-08 05:05:15
117,Kununurra,-15.7667,128.7333,93.18,55,100,3.44,AU,2022-02-08 05:05:16
118,Quelimane,-17.8786,36.8883,75.56,80,21,4.85,MZ,2022-02-08 05:05:16
119,Kloulklubed,7.0419,134.2556,84.7,78,96,21.9,PW,2022-02-08 05:05:16
120,Nanortalik,60.1432,-45.2371,10.2,68,76,54.6,GL,2022-02-08 05:05:17
121,Bima,-8.4667,118.7167,84.22,76,100,4.16,ID,2022-02-08 05:05:17
122,Mount Gambier,-37.8333,140.7667,89.65,17,67,8.5,AU,2022-02-08 05:05:18
123,Ribeira Grande,38.5167,-28.7,59.77,72,99,7.23,PT,2022-02-08 05:05:18
124,Gat,31.61,34.7642,52.39,100,31,4.5,IL,2022-02-08 05:05:19
125,Ambilobe,-13.2,49.05,79.93,82,59,4.72,MG,2022-02-08 05:05:19
126,Brawley,32.9787,-115.5303,59.49,30,0,0.0,US,2022-02-08 05:05:19
127,Sao Francisco,-15.9486,-44.8644,69.44,97,100,2.46,BR,2022-02-08 05:05:20
128,Valdivia,-39.8142,-73.2459,55.24,81,100,1.7,CL,2022-02-08 05:03:46
129,Marsabit,2.3284,37.9899,65.55,60,85,15.93,KE,2022-02-08 05:05:22
130,Saint Anthony,45.0205,-93.218,15.93,75,0,9.22,US,2022-02-08 05:02:46
131,Ilulissat,69.2167,-51.1,-0.38,85,75,24.16,GL,2022-02-08 05:05:23
132,Kharitonovo,61.4009,47.4978,9.18,97,100,4.0,RU,2022-02-08 05:05:23
133,Carnarvon,-24.8667,113.6333,86.05,36,0,17.63,AU,2022-02-08 05:05:23
134,Galle,6.0367,80.217,82.92,67,88,4.99,LK,2022-02-08 05:05:24
135,Avarua,-21.2078,-159.775,78.85,83,95,10.36,CK,2022-02-08 05:05:24
136,Namatanai,-3.6667,152.4333,85.51,67,62,6.91,PG,2022-02-08 05:05:25
137,Saint George,37.1041,-113.5841,52.36,35,0,4.0,US,2022-02-08 05:05:24
138,Cooma,-36.2333,149.1333,72.77,29,97,4.0,AU,2022-02-08 05:05:25
139,Byron Bay,-28.65,153.6167,78.75,60,47,10.25,AU,2022-02-08 05:05:26
140,Barcelos,41.5388,-8.6151,53.85,64,2,6.35,PT,2022-02-08 05:05:26
141,Vostok,46.4856,135.8833,11.25,84,100,8.28,RU,2022-02-08 05:05:26
142,Bajil,15.0584,43.2851,74.43,79,34,3.2,YE,2022-02-08 05:05:27
143,Auki,-8.7676,160.7034,80.44,87,100,10.2,SB,2022-02-08 05:05:27
144,Cidreira,-30.1811,-50.2056,66.0,81,1,7.85,BR,2022-02-08 05:05:28
145,Santa Cruz De La Palma,28.6835,-17.7642,64.54,72,0,12.66,ES,2022-02-08 05:05:28
146,Touros,-5.1989,-35.4608,76.1,75,42,9.13,BR,2022-02-08 05:05:28
147,Balkhash,46.844,74.9804,21.81,93,40,15.66,KZ,2022-02-08 05:05:29
148,Muros,42.7762,-9.0603,50.23,87,7,6.11,ES,2022-02-08 05:05:29
149,Dandong,40.1292,124.3947,32.81,38,7,3.98,CN,2022-02-08 05:05:30
150,Jalu,29.0331,21.5482,55.65,30,3,6.55,LY,2022-02-08 05:05:30
151,Oranjemund,-28.55,16.4333,64.89,85,27,5.84,NA,2022-02-08 05:05:31
152,Linqing,36.8456,115.7117,47.79,24,23,7.31,CN,2022-02-08 05:05:13
153,Sao Joao Da Barra,-21.6403,-41.0511,75.9,89,100,5.7,BR,2022-02-08 05:05:07
154,Mirador,-6.3708,-44.3631,71.53,93,75,1.59,BR,2022-02-08 05:05:31
155,Torbay,47.6666,-52.7314,23.76,87,100,3.0,CA,2022-02-08 05:03:18
156,Minot,48.2325,-101.2963,38.8,67,55,16.24,US,2022-02-08 05:02:28
157,Hobyo,5.3505,48.5268,77.22,63,8,18.77,SO,2022-02-08 05:05:32
158,Sao Filipe,14.8961,-24.4956,71.1,76,2,2.24,CV,2022-02-08 05:05:32
159,Vestmannaeyjar,63.4427,-20.2734,29.89,66,100,48.47,IS,2022-02-08 05:03:11
160,Hasaki,35.7333,140.8333,46.62,95,100,15.95,JP,2022-02-08 05:03:53
161,Bam,29.106,58.357,52.75,27,1,15.84,IR,2022-02-08 05:05:33
162,Bonavista,48.6499,-53.1147,24.12,71,100,17.13,CA,2022-02-08 05:05:33
163,Muyezerskiy,63.9333,31.65,21.27,97,100,3.62,RU,2022-02-08 05:05:34
164,Huarmey,-10.0681,-78.1522,70.97,81,100,8.08,PE,2022-02-08 05:05:34
165,Moroto,2.5345,34.6666,70.36,48,100,2.53,UG,2022-02-08 05:05:35
166,Ekhabi,53.5102,142.9671,13.08,94,100,19.28,RU,2022-02-08 05:05:35
167,Saint-Michel-Des-Saints,46.6834,-73.9159,14.13,99,98,2.71,CA,2022-02-08 05:05:35
168,Port Hardy,50.6996,-127.4199,44.76,90,97,4.34,CA,2022-02-08 05:05:36
169,Pangnirtung,66.1451,-65.7125,-18.13,92,100,5.73,CA,2022-02-08 05:02:42
170,Hithadhoo,-0.6,73.0833,82.99,68,95,15.19,MV,2022-02-08 05:05:37
171,Akyab,20.15,92.9,72.73,39,2,5.93,MM,2022-02-08 05:05:37
172,Khandyga,62.6667,135.6,-17.28,86,100,1.81,RU,2022-02-08 05:05:37
173,Menongue,-14.6585,17.691,62.35,99,100,2.77,AO,2022-02-08 05:05:38
174,Beysehir,37.6773,31.7246,40.26,94,100,15.01,TR,2022-02-08 05:05:38
175,Henties Bay,-22.116,14.2845,69.85,89,100,3.4,NA,2022-02-08 05:05:38
176,Vao,-22.6667,167.4833,80.38,86,18,15.93,NC,2022-02-08 05:05:39
177,Georgetown,5.4112,100.3354,91.33,75,20,12.66,MY,2022-02-08 05:03:45
178,Kahului,20.8947,-156.47,73.85,85,40,7.0,US,2022-02-08 05:01:09
179,Bucerias,20.75,-105.3333,69.78,88,0,0.0,MX,2022-02-08 05:04:29
180,Lebu,-37.6167,-73.65,59.81,84,87,14.34,CL,2022-02-08 05:05:40
181,Vredendal,-31.6683,18.5012,68.61,63,11,1.34,ZA,2022-02-08 05:02:15
182,Roald,62.5833,6.1333,42.91,81,40,16.11,NO,2022-02-08 05:01:15
183,Tecoanapa,16.5167,-98.75,76.08,78,54,4.21,MX,2022-02-08 05:05:40
184,Nanning,22.8167,108.3167,52.68,80,98,5.35,CN,2022-02-08 05:05:41
185,Conde,-7.2597,-34.9075,74.66,94,75,3.44,BR,2022-02-08 05:05:41
186,Martapura,-3.4167,114.85,87.89,62,40,4.61,ID,2022-02-08 05:05:41
187,Saint-Philippe,-21.3585,55.7679,81.99,87,100,12.55,RE,2022-02-08 05:05:42
188,Shenzhen,22.5455,114.0683,66.15,86,85,4.21,CN,2022-02-08 05:02:35
189,Buraydah,26.326,43.975,53.46,34,0,3.51,SA,2022-02-08 05:05:42
190,Caraballeda,10.6112,-66.8522,76.05,92,80,8.39,VE,2022-02-08 05:05:43
191,Castro,-24.7911,-50.0119,61.11,96,28,7.07,BR,2022-02-08 05:05:43
192,Mandera,3.9366,41.867,78.62,37,22,10.16,KE,2022-02-08 05:05:44
193,Verkhnyaya Inta,65.9811,60.3094,1.51,89,100,3.65,RU,2022-02-08 05:05:44
194,Port Lincoln,-34.7333,135.8667,72.45,52,98,12.82,AU,2022-02-08 05:05:44
195,Bengkulu,-3.8004,102.2655,84.27,67,87,10.25,ID,2022-02-08 05:02:52
196,Smithers,54.7804,-127.1743,22.68,96,97,2.42,CA,2022-02-08 05:05:45
197,Bogdanesti,47.3667,26.2833,36.45,81,100,18.3,RO,2022-02-08 05:05:45
198,Potiskum,11.7091,11.0694,60.75,21,6,9.13,NG,2022-02-08 05:05:46
199,Sepuka,-4.75,34.5333,61.16,89,100,2.86,TZ,2022-02-08 05:05:46
200,Miri,4.4148,114.0089,84.56,71,100,4.34,MY,2022-02-08 05:05:46
201,Salym,60.0625,71.4789,5.88,92,13,7.9,RU,2022-02-08 05:05:47
202,Pierre,44.3683,-100.351,45.28,39,30,15.01,US,2022-02-08 05:01:08
203,Kavieng,-2.5744,150.7967,85.01,68,59,7.11,PG,2022-02-08 05:05:47
204,Sovetskiy,61.3614,63.5842,-2.45,98,96,5.73,RU,2022-02-08 05:05:48
205,Druzhba,52.0428,33.9453,32.22,99,100,5.5,UA,2022-02-08 05:05:48
206,Kamina,-8.7386,24.9906,64.13,95,100,2.17,CD,2022-02-08 05:05:49
207,Acajutla,13.5928,-89.8275,73.8,76,6,7.16,SV,2022-02-08 05:05:49
208,Kenai,60.5544,-151.2583,23.14,90,100,23.02,US,2022-02-08 05:05:49
209,Fairbanks,64.8378,-147.7164,-1.86,70,75,5.75,US,2022-02-08 05:05:50
210,Dunedin,-45.8742,170.5036,63.81,61,1,10.0,NZ,2022-02-08 05:01:44
211,Durban,-29.8579,31.0292,75.02,89,12,1.01,ZA,2022-02-08 05:04:03
212,Winslow,35.0242,-110.6974,24.98,30,0,3.44,US,2022-02-08 05:05:51
213,Xique-Xique,-10.8218,-42.7263,77.74,60,100,4.09,BR,2022-02-08 05:05:51
214,Barrow,71.2906,-156.7887,-27.38,68,40,8.05,US,2022-02-08 05:04:16
215,Dingle,10.9995,122.6711,85.68,63,69,13.49,PH,2022-02-08 05:05:51
216,Vila Velha,-20.3297,-40.2925,78.75,89,40,8.05,BR,2022-02-08 05:05:52
217,Poum,-20.2333,164.0167,81.81,86,100,26.51,NC,2022-02-08 05:05:52
218,Uusikaupunki,60.8004,21.4084,23.52,92,70,6.89,FI,2022-02-08 05:01:34
219,Abeche,13.8292,20.8324,58.48,17,25,11.43,TD,2022-02-08 05:05:53
220,Fortuna,40.5982,-124.1573,48.65,95,75,1.99,US,2022-02-08 05:05:53
221,Mulatupo,8.9492,-77.7652,76.32,87,47,7.9,PA,2022-02-08 05:05:53
222,Rawson,-43.3002,-65.1023,81.09,17,10,27.69,AR,2022-02-08 05:01:37
223,San Andres,12.5847,-81.7006,78.82,73,20,6.91,CO,2022-02-08 05:05:54
224,Shahr-E Kord,32.3256,50.8644,24.57,68,0,2.3,IR,2022-02-08 05:05:54
225,Darovskoy,58.77,47.9564,0.0,100,95,4.52,RU,2022-02-08 05:05:55
226,Biak,-0.9131,122.8766,81.48,74,84,3.06,ID,2022-02-08 05:05:55
227,Hervey Bay,-25.2986,152.8535,83.03,59,28,8.99,AU,2022-02-08 05:05:56
228,Bonga,7.2833,36.2333,64.31,52,33,1.36,ET,2022-02-08 05:05:56
229,Sitka,57.0531,-135.33,37.29,87,100,20.71,US,2022-02-08 05:05:56
230,Kupang,-10.1667,123.5833,85.5,69,63,6.51,ID,2022-02-08 05:05:57
231,Peterhead,57.5058,-1.7981,45.0,73,74,15.35,GB,2022-02-08 05:05:57
232,Asosa,10.0667,34.5333,62.69,35,8,4.85,ET,2022-02-08 05:02:17
233,Katsuura,35.1333,140.3,44.71,92,100,10.67,JP,2022-02-08 05:02:18
234,Lata,40.1629,-8.3327,44.04,66,0,5.17,PT,2022-02-08 05:05:58
235,Calhoun,42.2506,-85.0005,24.69,86,100,3.44,US,2022-02-08 05:05:58
236,Chuy,-33.6971,-53.4616,61.12,81,20,7.07,UY,2022-02-08 05:05:58
237,Graham,47.0529,-122.2943,46.2,88,100,9.22,US,2022-02-08 05:05:59
238,Ryzdvyanyy,45.2656,41.8389,34.5,70,100,10.96,RU,2022-02-08 05:05:59
239,Ust-Tsilma,65.441,52.1498,9.41,95,100,5.5,RU,2022-02-08 05:05:59
240,Ulaangom,49.9811,92.0667,-18.26,94,100,3.89,MN,2022-02-08 05:06:00
241,Roma,43.2128,-75.4557,26.64,92,0,0.0,US,2022-02-08 05:03:50
242,Saint-Denis,48.9167,2.3333,47.17,83,100,11.5,FR,2022-02-08 05:06:01
243,Hashtrud,37.4779,47.0508,12.18,97,96,0.87,IR,2022-02-08 05:06:02
244,Gushikawa,26.3544,127.8686,71.19,64,75,19.57,JP,2022-02-08 05:06:02
245,Huambo,-12.7761,15.7392,55.78,98,100,3.58,AO,2022-02-08 05:02:52
246,Mackay,-21.15,149.2,86.68,62,11,13.67,AU,2022-02-08 05:02:43
247,Aklavik,68.2191,-135.0107,-31.65,94,100,4.99,CA,2022-02-08 05:06:03
248,Vallenar,-28.5708,-70.7581,68.5,63,0,1.34,CL,2022-02-08 05:06:04
249,Chokurdakh,70.6333,147.9167,-43.85,100,95,4.83,RU,2022-02-08 05:06:04
250,Cap Malheureux,-19.9842,57.6142,82.89,76,99,15.82,MU,2022-02-08 05:06:04
251,Santa Maria Da Boa Vista,-8.8078,-39.8256,77.94,60,100,11.12,BR,2022-02-08 05:06:05
252,Ponta Do Sol,32.6667,-17.1,62.71,63,5,7.0,PT,2022-02-08 05:06:05
253,Beringovskiy,63.05,179.3167,-19.84,91,5,11.52,RU,2022-02-08 05:06:05
254,Inirida,3.8653,-67.9239,70.75,98,100,0.63,CO,2022-02-08 05:06:06
255,Jinji,23.2281,110.8261,49.98,86,100,8.57,CN,2022-02-08 05:06:06
256,Znamenskoye,57.1281,73.8282,7.21,91,6,7.14,RU,2022-02-08 05:06:07
257,Chaman,30.9236,66.4512,50.25,27,79,1.05,PK,2022-02-08 05:06:07
258,Noumea,-22.2763,166.4572,82.99,99,55,17.34,NC,2022-02-08 05:06:08
259,Foumban,5.7291,10.9001,61.39,32,87,3.02,CM,2022-02-08 05:06:08
260,Vung Tau,10.346,107.0843,83.55,68,74,17.29,VN,2022-02-08 05:06:08
261,College,64.8569,-147.8028,-1.88,70,75,5.75,US,2022-02-08 05:06:09
262,Teknaf,20.8624,92.3058,76.78,31,1,9.78,BD,2022-02-08 05:06:09
263,Hambantota,6.1241,81.1185,79.14,83,20,5.75,LK,2022-02-08 05:06:10
264,Xucheng,20.35,110.1288,67.86,88,100,16.96,CN,2022-02-08 05:06:10
265,Zyryanka,65.75,150.85,-32.87,97,60,2.04,RU,2022-02-08 05:06:10
266,Sulphur,30.2366,-93.3774,44.58,71,0,5.75,US,2022-02-08 05:06:11
267,Saskylakh,71.9167,114.0833,-7.78,88,98,10.29,RU,2022-02-08 05:06:11
268,Goiatuba,-18.0125,-49.3547,66.54,99,100,4.14,BR,2022-02-08 05:02:15
269,Manoel Urbano,-8.8389,-69.2597,71.76,99,100,2.51,BR,2022-02-08 05:06:11
270,Pevek,69.7008,170.3133,-28.35,98,27,2.28,RU,2022-02-08 05:06:12
271,Longyearbyen,78.2186,15.6401,21.04,79,75,19.57,SJ,2022-02-08 05:01:24
272,Lompoc,34.6391,-120.4579,64.13,78,1,4.0,US,2022-02-08 05:01:36
273,Narsaq,60.9167,-46.05,-7.98,73,83,11.81,GL,2022-02-08 05:06:13
274,Enthavi,19.4908,-99.5758,47.39,71,75,4.61,MX,2022-02-08 05:06:14
275,Mount Isa,-20.7333,139.5,91.17,43,75,8.05,AU,2022-02-08 05:03:00
276,Yinchuan,38.4681,106.2731,26.69,48,38,2.57,CN,2022-02-08 05:06:14
277,Presidente Epitacio,-21.7633,-52.1156,65.57,65,1,5.84,BR,2022-02-08 05:06:14
278,Loningen,52.7333,7.7667,46.92,95,100,16.89,DE,2022-02-08 05:05:27
279,Iqaluit,63.7506,-68.5145,-5.31,63,100,8.99,CA,2022-02-08 05:06:15
280,Kodinsk,58.6881,99.1844,-1.48,87,99,7.09,RU,2022-02-08 05:06:15
281,San Patricio,28.017,-97.5169,54.84,59,17,6.51,US,2022-02-08 05:06:16
282,Teya,60.3778,92.6267,-3.98,89,88,3.83,RU,2022-02-08 05:06:16
283,Whitianga,-36.8333,175.7,70.32,97,100,9.13,NZ,2022-02-08 05:06:17
284,Kabare,-2.4683,28.8242,61.7,94,85,1.1,CD,2022-02-08 05:06:17
285,Le Port,-20.9373,55.2919,82.4,79,99,7.29,RE,2022-02-08 05:06:17
286,Gap,44.6667,6.0,17.83,70,33,4.81,FR,2022-02-08 05:06:18
287,Muzhi,65.3667,64.6667,-8.25,100,100,5.32,RU,2022-02-08 05:06:19
288,Sao Jose Da Coroa Grande,-8.8978,-35.1478,77.09,78,15,5.64,BR,2022-02-08 05:06:19
289,Sioux Lookout,50.1001,-91.917,12.15,95,95,7.25,CA,2022-02-08 05:06:19
290,Srednekolymsk,67.45,153.6833,-35.63,97,64,4.21,RU,2022-02-08 05:06:20
291,Ngunguru,-35.6167,174.5,77.16,96,87,7.65,NZ,2022-02-08 05:06:20
292,Hammerfest,70.6634,23.6821,30.65,64,20,9.22,NO,2022-02-08 05:06:21
293,Jumla,29.2747,82.1838,43.61,49,5,2.68,NP,2022-02-08 05:06:21
294,West Bay,19.3667,-81.4167,75.99,90,2,5.79,KY,2022-02-08 05:06:21
295,Santa Fe,-31.6333,-60.7,69.01,69,0,8.01,AR,2022-02-08 05:04:21
296,Novyy Urengoy,66.0833,76.6333,-8.64,95,100,12.55,RU,2022-02-08 05:06:22
297,Urumqi,43.801,87.6005,13.15,67,55,2.24,CN,2022-02-08 05:06:22
298,Challans,46.8436,-1.8749,48.11,91,88,5.3,FR,2022-02-08 05:06:23
299,Hofn,64.2539,-15.2082,29.73,61,100,40.51,IS,2022-02-08 05:03:11
300,Lumeje,-11.55,20.7833,62.35,94,100,3.87,AO,2022-02-08 05:06:24
301,Sabang,5.8933,95.3214,81.93,71,67,9.73,ID,2022-02-08 05:06:24
302,Ketchikan,55.3422,-131.6461,39.18,98,100,12.88,US,2022-02-08 05:02:36
303,Khatanga,71.9667,102.5,-10.59,90,100,13.38,RU,2022-02-08 05:06:25
304,Nanhai,30.1282,111.7784,41.23,67,93,8.48,CN,2022-02-08 05:06:25
305,Tessalit,20.1986,1.0114,60.24,13,4,6.51,ML,2022-02-08 05:06:26
306,North Bend,43.4065,-124.2243,50.94,100,100,5.75,US,2022-02-08 05:06:26
307,Evanston,42.0411,-87.6901,20.71,78,10,4.0,US,2022-02-08 05:01:31
308,Chapais,49.7834,-74.8492,10.18,95,98,7.67,CA,2022-02-08 05:02:04
309,Ahipara,-35.1667,173.1667,77.07,90,68,5.86,NZ,2022-02-08 05:06:27
310,Naze,28.3667,129.4833,62.87,81,31,19.8,JP,2022-02-08 05:06:27
311,Guadalupe Y Calvo,26.1,-106.9667,27.18,63,0,7.94,MX,2022-02-08 05:06:27
312,Trairi,-3.2778,-39.2689,76.87,84,9,6.17,BR,2022-02-08 05:06:28
313,Chester,40.1254,-75.8749,34.93,97,100,1.01,US,2022-02-08 05:06:28
314,Raga,8.4596,25.678,59.65,23,80,3.96,SS,2022-02-08 05:06:28
315,Broken Hill,-31.95,141.4333,88.83,19,53,10.42,AU,2022-02-08 05:06:29
316,Ajtos,42.7,27.25,38.62,96,100,14.47,BG,2022-02-08 05:06:29
317,Coquimbo,-29.9533,-71.3436,64.11,86,5,1.68,CL,2022-02-08 05:02:09
318,Nuuk,64.1835,-51.7216,-1.59,65,75,1.14,GL,2022-02-08 05:06:30
319,Owando,-0.4819,15.8999,68.36,39,43,0.72,CG,2022-02-08 05:06:30
320,Kruisfontein,-34.0033,24.7314,70.9,48,1,1.72,ZA,2022-02-08 05:06:31
321,Port-Gentil,-0.7193,8.7815,80.28,81,83,9.13,GA,2022-02-08 05:06:31
322,Pemba,-12.974,40.5178,77.23,82,97,7.56,MZ,2022-02-08 05:06:32
323,Bonthe,7.5264,-12.505,75.52,93,76,5.5,SL,2022-02-08 05:03:06
324,Russell,32.3502,-85.1999,44.2,92,0,3.44,US,2022-02-08 05:06:32
325,Katherine,-14.4667,132.2667,91.72,55,40,4.61,AU,2022-02-08 05:06:32
326,Ritchie,-29.038,24.6028,74.19,40,77,2.42,ZA,2022-02-08 05:06:33
327,Mwinilunga,-11.7358,24.4293,61.79,98,100,2.93,ZM,2022-02-08 05:06:33
328,Qaqortoq,60.7167,-46.0333,1.96,53,69,34.61,GL,2022-02-08 05:06:34
329,Leticia,-4.2153,-69.9406,73.45,100,75,2.3,CO,2022-02-08 05:06:34
330,Yovon,38.3141,69.0378,42.48,58,100,2.53,TJ,2022-02-08 05:06:34
331,Huadian,42.9633,126.7478,22.66,71,12,6.62,CN,2022-02-08 05:06:35
332,Mananjary,-21.2167,48.3333,80.78,84,100,9.33,MG,2022-02-08 05:06:35
333,Grindavik,63.8424,-22.4338,28.87,93,100,46.04,IS,2022-02-08 05:06:24
334,Fort Nelson,58.8053,-122.7002,-0.35,100,62,2.26,CA,2022-02-08 05:06:36
335,Kosh-Agach,50.0,88.6667,-12.42,79,97,1.61,RU,2022-02-08 05:06:36
336,Monmouth,40.3001,-74.1663,38.86,94,100,4.61,US,2022-02-08 05:02:44
337,Matara,5.9485,80.5353,84.38,64,92,5.14,LK,2022-02-08 05:06:37
338,Coihaique,-45.5752,-72.0662,57.15,54,0,3.44,CL,2022-02-08 05:06:37
339,Taoudenni,22.6783,-3.9836,63.57,15,0,10.4,ML,2022-02-08 05:06:38
340,Pisco,-13.7,-76.2167,67.01,88,0,3.44,PE,2022-02-08 05:06:38
341,Husavik,66.0449,-17.3389,27.16,76,98,15.05,IS,2022-02-08 05:06:38
342,Novooleksiyivka,46.2269,34.6428,42.08,97,100,12.62,UA,2022-02-08 05:06:39
343,Airai,-8.9266,125.4092,72.09,75,77,1.92,TL,2022-02-08 05:06:39
344,Santa Isabel Do Rio Negro,-0.4139,-65.0192,72.09,100,100,1.28,BR,2022-02-08 05:06:40
345,Magistralnyy,56.1725,107.4458,13.01,88,100,5.5,RU,2022-02-08 05:06:40
346,Borsec,46.95,25.5667,28.17,88,100,5.53,RO,2022-02-08 05:06:41
347,Syracuse,37.0881,15.2792,51.17,45,84,29.59,IT,2022-02-08 05:05:09
348,Upata,8.0086,-62.3989,69.12,92,58,3.56,VE,2022-02-08 05:06:41
349,Bayanday,53.0661,105.5139,14.77,79,99,10.56,RU,2022-02-08 05:06:42
350,Richards Bay,-28.783,32.0377,73.33,80,15,4.99,ZA,2022-02-08 05:06:42
351,Peremyshlyany,49.6652,24.5585,32.34,92,100,13.58,UA,2022-02-08 05:06:42
352,Moses Lake,47.1301,-119.2781,43.61,91,60,1.81,US,2022-02-08 05:02:49
353,Bentiu,9.2333,29.8333,68.05,20,100,4.9,SS,2022-02-08 05:06:43
354,San Carlos Del Zulia,9.0,-71.9135,74.68,85,88,3.38,VE,2022-02-08 05:06:43
355,Balabac,7.9868,117.0645,83.1,74,97,15.64,PH,2022-02-08 05:06:44
356,Sahuaripa,29.05,-109.2333,54.81,26,0,6.69,MX,2022-02-08 05:06:44
357,Itaobim,-16.5667,-41.8333,70.29,95,98,1.1,BR,2022-02-08 05:06:44
358,Biaora,23.8667,76.9167,73.2,24,0,3.65,IN,2022-02-08 05:06:45
359,Tilichiki,60.4667,166.1,-8.66,84,6,7.92,RU,2022-02-08 05:06:45
360,Acari,-15.4311,-74.6158,71.44,81,91,1.86,PE,2022-02-08 05:06:46
361,Port Antonio,18.18,-76.4612,76.91,82,2,6.73,JM,2022-02-08 05:06:46
362,Abu Dhabi,24.4667,54.3667,68.11,61,40,12.66,AE,2022-02-08 05:06:46
363,Shwebo,22.5667,95.7,77.95,30,0,3.18,MM,2022-02-08 05:06:47
364,Codajas,-3.8367,-62.0569,72.7,98,95,1.59,BR,2022-02-08 05:06:47
365,Montes Altos,-5.8333,-47.0667,70.9,98,66,1.63,BR,2022-02-08 05:06:48
366,Oistins,13.0667,-59.5333,77.09,73,40,13.8,BB,2022-02-08 05:06:48
367,Stykkisholmur,65.0757,-22.7297,28.62,92,100,24.38,IS,2022-02-08 05:06:48
368,Paamiut,61.994,-49.6678,-0.51,94,100,12.55,GL,2022-02-08 05:03:11
369,Newport,51.5877,-2.9984,52.45,82,100,17.96,GB,2022-02-08 05:02:25
370,Ossora,59.2353,163.0719,10.67,92,100,8.37,RU,2022-02-08 05:06:49
371,Morgan City,29.6994,-91.2068,46.99,75,0,4.61,US,2022-02-08 05:06:49
372,Faanui,-16.4833,-151.75,81.48,78,100,19.98,PF,2022-02-08 05:05:16
373,Weatherford,32.7593,-97.7972,45.23,53,0,7.61,US,2022-02-08 05:01:57
374,Agde,43.3108,3.4758,44.89,57,0,8.05,FR,2022-02-08 05:06:50
375,East London,-33.0153,27.9116,74.34,83,0,2.3,ZA,2022-02-08 05:06:51
376,Perelyub,51.8667,50.3667,13.21,94,100,1.97,RU,2022-02-08 05:06:51
377,Mahajanga,-15.7167,46.3167,84.22,74,20,9.22,MG,2022-02-08 05:06:51
378,Darnah,32.767,22.6367,56.8,79,35,21.23,LY,2022-02-08 05:06:52
379,Alekseyevskaya,50.2896,42.1845,32.74,97,100,12.55,RU,2022-02-08 05:06:52
380,Moree,-29.4667,149.85,86.02,30,75,10.36,AU,2022-02-08 05:06:53
381,Azul,-36.777,-59.8585,59.34,89,0,6.35,AR,2022-02-08 05:06:53
382,Garmsar,35.2182,52.3409,42.84,43,0,2.46,IR,2022-02-08 05:06:53
383,Angoche,-16.2325,39.9086,76.77,90,77,9.62,MZ,2022-02-08 05:06:54
384,Vaitape,-16.5167,-151.75,81.46,78,100,20.02,PF,2022-02-08 05:04:40
385,Lowestoft,52.4752,1.7516,48.45,88,56,16.71,GB,2022-02-08 05:06:54
386,Iquitos,-3.7481,-73.2472,71.64,100,100,3.44,PE,2022-02-08 05:06:55
387,Ottawa,45.4112,-75.6981,12.97,100,74,4.32,CA,2022-02-08 05:06:10
388,Nizhniy Tsasuchey,50.5167,115.1333,14.68,83,100,3.69,RU,2022-02-08 05:06:56
389,Shakhovskaya,56.0283,35.5097,30.2,89,100,11.1,RU,2022-02-08 05:06:56
390,Araouane,18.9048,-3.5265,62.02,13,45,9.69,ML,2022-02-08 05:06:56
391,Sorland,67.667,12.6934,35.67,93,100,26.26,NO,2022-02-08 05:06:57
392,Winnemucca,40.973,-117.7357,24.85,68,0,8.05,US,2022-02-08 05:06:57
393,Erenhot,43.6475,111.9767,18.93,60,1,12.97,CN,2022-02-08 05:06:58
394,Karpathos,35.507,27.2132,60.76,77,40,18.41,GR,2022-02-08 05:06:58
395,Wanning,18.8003,110.3967,75.22,83,84,11.12,CN,2022-02-08 05:06:58
396,Loma Alta,15.3967,-88.5597,66.34,98,6,1.14,HN,2022-02-08 05:06:59
397,Neuquen,-38.9516,-68.0591,75.94,27,5,11.74,AR,2022-02-08 05:06:33
398,Almaznyy,48.0448,40.045,35.74,89,100,15.26,RU,2022-02-08 05:06:59
399,Kohima,25.6667,94.1167,56.17,53,7,3.58,IN,2022-02-08 05:06:59
400,Alice Springs,-23.7,133.8833,96.22,43,39,11.5,AU,2022-02-08 05:07:00
401,Ancona,43.55,13.1667,42.67,70,0,4.61,IT,2022-02-08 05:07:00
402,Mandurah,-32.55,115.7,79.14,56,9,11.81,AU,2022-02-08 05:07:00
403,Harper,4.375,-7.7169,78.28,84,89,5.19,LR,2022-02-08 05:07:01
404,Taywarah,33.35,64.4167,21.78,64,95,1.86,AF,2022-02-08 05:07:01
405,Voyvozh,62.892,54.9635,3.49,91,100,6.98,RU,2022-02-08 05:07:01
406,Sibolga,1.7427,98.7792,86.0,59,75,4.52,ID,2022-02-08 05:07:02
407,Kaitangata,-46.2817,169.8464,58.93,79,1,6.85,NZ,2022-02-08 05:07:02
408,Velikiy Ustyug,60.7644,46.3106,3.88,98,85,4.83,RU,2022-02-08 05:07:02
409,Buta,2.7858,24.73,62.29,54,19,2.53,CD,2022-02-08 05:07:03
410,Bantou,26.2151,117.4893,48.72,83,100,3.44,CN,2022-02-08 05:07:04
411,Sanary-Sur-Mer,43.1178,5.8001,42.75,49,7,4.05,FR,2022-02-08 05:07:04
412,Waipawa,-41.4122,175.5153,67.93,93,100,5.79,NZ,2022-02-08 05:05:35
413,Maragogi,-9.0122,-35.2225,76.73,78,18,5.32,BR,2022-02-08 05:07:05
414,Sorong,-0.8833,131.25,83.23,72,50,3.06,ID,2022-02-08 05:07:05
415,Quatre Cocos,-20.2078,57.7625,82.51,74,100,12.88,MU,2022-02-08 05:05:14
416,Karratha,-20.7377,116.8463,88.5,62,74,10.11,AU,2022-02-08 05:07:05
417,Marrakesh,31.6315,-8.0083,57.27,47,26,3.44,MA,2022-02-08 05:07:06
418,Yar-Sale,66.8333,70.8333,0.9,87,100,16.24,RU,2022-02-08 05:07:07
419,Haapiti,-17.5667,-149.8667,83.93,77,100,19.13,PF,2022-02-08 05:07:07
420,Kryve Ozero,47.9524,30.3493,33.24,98,100,14.18,UA,2022-02-08 05:07:07
421,Coria,39.9879,-6.5377,40.62,68,0,4.34,ES,2022-02-08 05:07:08
422,La Ronge,55.1001,-105.2842,31.84,88,98,11.79,CA,2022-02-08 05:07:08
423,Maarianhamina,60.0973,19.9348,33.66,86,20,10.36,AX,2022-02-08 05:07:09
424,Lunenburg,44.3835,-64.3155,33.22,96,100,7.78,CA,2022-02-08 05:02:21
425,Buala,-8.145,159.5921,82.94,80,100,11.92,SB,2022-02-08 05:07:09
426,Penzance,50.1186,-5.5371,51.01,80,100,17.45,GB,2022-02-08 05:07:10
427,Inhambane,-23.865,35.3833,76.98,80,29,11.41,MZ,2022-02-08 05:07:10
428,Cayenne,4.9333,-52.3333,80.1,84,75,4.61,GF,2022-02-08 05:07:10
429,San Rafael,-34.6177,-68.3301,72.91,42,5,7.45,AR,2022-02-08 05:07:11
430,Trat,12.5,102.5,92.91,34,34,2.93,TH,2022-02-08 05:07:11
431,Petropavlovsk-Kamchatskiy,53.0452,158.6483,28.99,100,100,4.47,RU,2022-02-08 05:03:15
432,Njeru,0.4186,33.1731,67.82,83,100,5.06,UG,2022-02-08 05:07:12
433,Novi Di Modena,44.8905,10.9014,41.49,59,0,6.51,IT,2022-02-08 05:07:12
434,Luanda,-8.8368,13.2343,72.99,89,99,5.37,AO,2022-02-08 05:07:13
435,Ambanja,-13.6833,48.45,79.75,76,43,1.95,MG,2022-02-08 05:07:13
436,Puerto Escondido,15.85,-97.0667,79.63,69,20,4.61,MX,2022-02-08 05:07:13
437,Tanout,14.9709,8.8879,57.9,15,0,11.81,NE,2022-02-08 05:07:14
438,Nagato,34.3833,131.2,46.2,65,70,7.92,JP,2022-02-08 05:07:14
439,Angoram,-4.0625,144.0661,88.59,63,48,4.81,PG,2022-02-08 05:07:14
440,Moron,-34.6534,-58.6198,65.97,63,0,3.24,AR,2022-02-08 05:07:15
441,Rafraf,37.1904,10.1837,53.91,62,69,13.11,TN,2022-02-08 05:07:15
442,Port Blair,11.6667,92.75,82.44,74,40,13.8,IN,2022-02-08 05:07:16
443,Tura,25.5198,90.2201,67.98,44,0,3.91,IN,2022-02-08 05:07:16
444,Denpasar,-8.65,115.2167,89.26,70,20,8.05,ID,2022-02-08 05:03:18
445,Keuruu,62.2667,24.7,24.75,100,83,2.62,FI,2022-02-08 05:07:17
446,Oxbow,49.2333,-102.1676,31.64,87,44,20.76,CA,2022-02-08 05:07:17
447,Shelburne,44.0787,-80.2041,23.27,97,89,5.48,CA,2022-02-08 05:07:18
448,Seoul,37.5683,126.9778,44.11,25,62,6.6,KR,2022-02-08 05:05:22
449,Nalut,30.3333,10.85,47.17,79,5,13.38,LY,2022-02-08 05:07:18
450,Pringsewu,-5.3582,104.9744,85.24,73,86,2.95,ID,2022-02-08 05:07:19
451,Saldanha,-33.0117,17.9442,63.19,96,64,6.87,ZA,2022-02-08 05:07:19
452,Imeni Poliny Osipenko,52.4201,136.4853,3.81,88,100,3.29,RU,2022-02-08 05:07:19
453,Komsomolets,53.7453,62.0708,7.02,97,84,6.44,KZ,2022-02-08 05:07:20
454,Kieta,-6.2167,155.6333,83.73,79,99,9.04,PG,2022-02-08 05:07:20
455,Mantua,45.1667,10.7833,40.82,51,0,6.31,IT,2022-02-08 05:07:20
456,Juneau,58.3019,-134.4197,37.22,94,100,24.16,US,2022-02-08 05:04:46
457,Krasnoye,49.9145,24.6134,33.19,88,100,12.88,UA,2022-02-08 05:07:21
458,Puerto Ayacucho,5.6639,-67.6236,74.66,90,100,3.56,VE,2022-02-08 05:07:21
459,Mitchell,43.7094,-98.0298,39.18,48,0,9.22,US,2022-02-08 05:07:22
460,Mayumba,-3.432,10.6554,76.42,92,100,7.56,GA,2022-02-08 05:07:22
461,Limbang,4.75,115.0,86.11,50,86,3.4,MY,2022-02-08 05:07:23
462,Puerto Quijarro,-17.7833,-57.7667,74.01,68,100,2.1,BO,2022-02-08 05:07:23
463,Temanggung,-7.3162,110.1755,72.0,69,91,5.55,ID,2022-02-08 05:07:23
464,Khasan,42.4308,130.6434,30.51,42,2,8.08,RU,2022-02-08 05:07:24
465,Tahta,26.7693,31.5021,52.11,44,0,6.02,EG,2022-02-08 05:07:24
466,Krasnoselkup,65.7,82.4667,-19.01,98,56,6.64,RU,2022-02-08 05:07:25
467,Laguna De Perlas,12.3429,-83.6712,75.4,78,5,7.0,NI,2022-02-08 05:07:25
468,Novobirilyussy,56.9514,90.6661,1.45,92,100,3.13,RU,2022-02-08 05:07:25
469,Lakes Entrance,-37.8811,147.981,78.57,66,87,11.07,AU,2022-02-08 05:07:26
470,Odweyne,9.4092,45.064,67.14,42,4,3.36,SO,2022-02-08 05:07:26
471,Olinda,-8.0089,-34.8553,78.62,72,23,6.78,BR,2022-02-08 05:03:39
472,Alcantara,-2.4089,-44.4147,79.0,89,33,4.32,BR,2022-02-08 05:07:27
473,Pergamino,-33.89,-60.5736,57.18,77,0,7.16,AR,2022-02-08 05:07:27
474,Harrison,30.4091,-89.0436,42.87,78,0,3.44,US,2022-02-08 05:07:28
475,Wawa,9.9022,4.4192,72.1,26,6,4.5,NG,2022-02-08 05:07:28
476,Chapleau,47.8405,-83.4034,-2.27,100,98,1.95,CA,2022-02-08 05:07:28
477,Morondava,-20.2833,44.2833,80.49,82,100,17.11,MG,2022-02-08 05:07:17
478,Flin Flon,54.7682,-101.865,28.24,98,100,6.11,CA,2022-02-08 05:07:29
479,Farafangana,-22.8167,47.8333,79.99,89,100,13.0,MG,2022-02-08 05:07:29
480,Cururupu,-1.8283,-44.8683,74.21,96,70,1.66,BR,2022-02-08 05:07:29
481,Las Palmas,28.4204,-14.0131,61.59,59,97,2.3,ES,2022-02-08 05:07:30
482,Andijon,40.7821,72.3442,40.78,75,100,4.61,UZ,2022-02-08 05:07:30
483,Nadvoitsy,63.8667,34.3167,19.47,96,100,7.72,RU,2022-02-08 05:07:30
484,Zyryanovsk,49.7386,84.2719,0.99,88,81,0.92,KZ,2022-02-08 05:07:31
485,Awjilah,29.1081,21.2869,55.54,29,3,7.54,LY,2022-02-08 05:03:12
486,Kushiro,42.975,144.3747,26.53,84,94,4.07,JP,2022-02-08 05:04:18
487,Bandarbeyla,9.4942,50.8122,77.38,60,1,18.28,SO,2022-02-08 05:07:31
488,Leningradskiy,69.3833,178.4167,-28.64,92,4,4.97,RU,2022-02-08 05:07:32
489,Coolum Beach,-26.5333,153.1,83.34,68,13,3.0,AU,2022-02-08 05:07:32
490,Erzin,36.9559,36.2,46.92,77,96,5.21,TR,2022-02-08 05:07:32
491,Margate,51.3813,1.3862,51.66,74,100,5.01,GB,2022-02-08 05:07:33
492,Otradnoye,59.7775,30.8181,32.09,99,96,3.27,RU,2022-02-08 05:07:33
493,Ust-Kulom,61.6864,53.6902,3.63,97,100,5.68,RU,2022-02-08 05:07:34
494,Evensk,61.95,159.2333,1.29,69,20,8.75,RU,2022-02-08 05:07:34
495,Esil,51.9556,66.4042,20.79,92,80,16.22,KZ,2022-02-08 05:07:34
496,Alexandria,31.2156,29.9553,54.77,50,64,9.8,EG,2022-02-08 05:03:38
497,Kangaatsiaq,68.3065,-53.4641,-8.88,94,100,9.51,GL,2022-02-08 05:07:35
498,Adrar,20.5022,-10.0711,63.23,12,82,10.04,MR,2022-02-08 05:07:36
499,Praia Da Vitoria,38.7333,-27.0667,57.76,86,100,4.27,PT,2022-02-08 05:07:36
500,Omboue,-1.5746,9.2618,77.47,87,77,5.48,GA,2022-02-08 05:07:36
501,Ranong,9.9658,98.6348,89.35,52,63,5.3,TH,2022-02-08 05:07:37
502,Diego De Almagro,-26.3667,-70.05,64.2,36,0,1.01,CL,2022-02-08 05:07:37
503,Foam Lake,51.65,-103.5343,35.46,87,47,21.72,CA,2022-02-08 05:07:38
504,Talara,-4.5772,-81.2719,72.07,80,100,10.2,PE,2022-02-08 05:07:38
505,Iquique,-20.2208,-70.1431,64.44,77,22,1.92,CL,2022-02-08 05:07:38
506,Develi,38.3906,35.4922,29.55,92,56,5.01,TR,2022-02-08 05:07:39
507,Nishihara,26.1842,127.7558,71.26,68,40,20.71,JP,2022-02-08 05:07:39
508,Yulara,-25.2406,130.9889,94.84,28,100,17.27,AU,2022-02-08 05:07:39
509,Brigantine,39.4101,-74.3646,39.02,99,100,6.91,US,2022-02-08 05:07:40
510,Hovd,48.0056,91.6419,-3.98,70,3,3.42,MN,2022-02-08 05:07:40
511,Playas,-2.6333,-80.3833,75.25,86,100,10.98,EC,2022-02-08 05:07:40
512,Tignere,7.3667,12.65,62.31,24,17,2.33,CM,2022-02-08 05:07:41
513,Bereda,43.2686,-7.5406,39.58,100,55,1.43,ES,2022-02-08 05:07:41
514,Saint-Georges,12.0564,-61.7485,77.36,79,86,15.01,GD,2022-02-08 05:07:42
515,Kologriv,58.8275,44.3178,17.85,95,100,8.66,RU,2022-02-08 05:07:42
516,Bakchar,57.0186,82.0711,1.0,93,82,5.39,RU,2022-02-08 05:07:42
517,Takoradi,4.8845,-1.7554,78.33,88,64,4.88,GH,2022-02-08 05:07:43
518,Sompeta,18.9333,84.6,76.51,59,30,3.67,IN,2022-02-08 05:07:43
519,Avera,33.194,-82.5271,44.47,74,100,5.75,US,2022-02-08 05:07:43
520,Virginia Beach,36.8529,-75.978,42.03,95,100,1.99,US,2022-02-08 05:04:43
521,Kotturu,14.8167,76.2167,80.1,42,95,2.42,IN,2022-02-08 05:07:44
522,Sao Paulo De Olivenca,-3.3783,-68.8725,72.79,100,100,2.48,BR,2022-02-08 05:07:44
523,Olenegorsk,68.15,33.3,6.64,100,87,4.88,RU,2022-02-08 05:07:45
524,Altus,34.6381,-99.334,37.47,58,0,5.75,US,2022-02-08 05:07:45
525,Bougouni,11.417,-7.479,68.86,15,50,6.2,ML,2022-02-08 05:07:18
526,Kibaya,-5.3,36.5667,60.28,91,100,1.97,TZ,2022-02-08 05:07:45
527,Benguela,-12.5763,13.4055,76.12,77,100,1.39,AO,2022-02-08 05:07:46
528,Kahramanmaras,38.0,37.0,32.63,97,95,4.59,TR,2022-02-08 05:07:46
529,Karlskoga,59.3267,14.5239,36.72,96,100,15.93,SE,2022-02-08 05:06:40
530,Pangkalanbuun,-2.6833,111.6167,84.33,74,99,3.36,ID,2022-02-08 05:07:47
531,Villa Carlos Paz,-31.4241,-64.4978,55.08,10,0,4.12,AR,2022-02-08 05:07:47
532,Broome,42.2506,-75.833,32.0,75,100,3.0,US,2022-02-08 05:07:47
533,Fortuna Foothills,32.6578,-114.4119,61.7,19,0,3.0,US,2022-02-08 05:07:48
534,Tyup,42.7276,78.3648,25.2,75,97,0.78,KG,2022-02-08 05:07:48
535,Praia,14.9215,-23.5087,64.94,88,20,6.91,CV,2022-02-08 05:04:38
536,Selkirk,50.1436,-96.8845,16.14,88,93,13.27,CA,2022-02-08 05:05:03
537,Lorengau,-2.0226,147.2712,85.37,70,53,8.72,PG,2022-02-08 05:07:49
538,Matay,28.419,30.7792,50.95,47,0,1.83,EG,2022-02-08 05:07:49
539,Miyako,39.6367,141.9525,38.48,48,100,6.71,JP,2022-02-08 05:07:49
540,Barra Patuca,15.8,-84.2833,73.29,79,12,2.33,HN,2022-02-08 05:07:50
541,Strai,58.2,7.9,43.39,74,20,14.97,NO,2022-02-08 05:07:50
542,Illapel,-31.6308,-71.1653,67.73,73,0,1.25,CL,2022-02-08 05:07:50
543,Guanica,17.9716,-66.908,75.2,86,20,1.99,PR,2022-02-08 05:07:51
544,Pottstown,40.2454,-75.6496,36.64,94,100,3.0,US,2022-02-08 05:07:51
545,Linxi,39.7,118.4333,40.33,20,0,5.66,CN,2022-02-08 05:07:51
546,Macenta,8.5435,-9.471,63.41,55,56,0.83,GN,2022-02-08 05:07:52
547,Mogadishu,2.0371,45.3438,74.73,76,96,16.24,SO,2022-02-08 05:07:52
548,Tokmak,47.2514,35.7058,41.25,95,100,8.55,UA,2022-02-08 05:07:52
549,Makat,47.6469,53.3463,28.09,91,100,2.33,KZ,2022-02-08 05:07:53
550,Betsiamites,48.9413,-68.646,19.49,94,100,10.85,CA,2022-02-08 05:07:53
551,Pacific Grove,36.6177,-121.9166,58.62,88,0,5.99,US,2022-02-08 05:07:53
552,Yeppoon,-23.1333,150.7333,83.98,60,17,13.94,AU,2022-02-08 05:07:54
553,Comodoro Rivadavia,-45.8667,-67.5,78.66,24,0,18.41,AR,2022-02-08 05:06:36
554,Ozark,37.0209,-93.206,39.61,75,2,5.39,US,2022-02-08 05:07:55
555,Gamba,-2.65,10.0,76.53,92,100,5.14,GA,2022-02-08 05:07:55
556,Inuvik,68.3499,-133.7218,-36.94,100,100,2.33,CA,2022-02-08 05:07:55
557,Rongcheng,30.634,117.8517,36.64,99,100,3.27,CN,2022-02-08 05:07:56
558,Usinsk,65.9939,57.5281,7.07,85,100,9.93,RU,2022-02-08 05:07:56
559,Mindelo,16.8901,-24.9804,63.95,88,20,6.91,CV,2022-02-08 05:07:56
560,Clyde River,70.4692,-68.5914,-36.92,71,40,3.36,CA,2022-02-08 05:07:43
561,Batticaloa,7.7102,81.6924,81.54,64,57,10.98,LK,2022-02-08 05:07:57
562,Nchelenge,-9.3451,28.734,67.3,91,100,4.45,ZM,2022-02-08 05:07:57
563,Lac Du Bonnet,50.2536,-96.0612,18.73,92,100,10.2,CA,2022-02-08 05:07:57
564,San Vicente,-26.6167,-54.1333,53.91,56,0,2.57,AR,2022-02-08 05:07:58
565,Ibra,22.6906,58.5334,63.39,58,5,2.84,OM,2022-02-08 05:07:58
566,Honningsvag,70.9821,25.9704,29.95,80,43,21.85,NO,2022-02-08 05:07:59
567,Ishigaki,24.3448,124.1572,65.79,76,100,26.33,JP,2022-02-08 05:07:59
568,Miquelon,47.0975,-56.3814,32.07,71,100,19.89,PM,2022-02-08 05:07:59
569,San Giovanni In Fiore,39.2633,16.6996,32.47,68,16,20.94,IT,2022-02-08 05:08:00
570,Kafanchan,9.5833,8.3,64.81,25,56,6.31,NG,2022-02-08 05:08:00
571,Laem Sing,12.4816,102.0738,96.94,84,49,6.04,TH,2022-02-08 05:08:01
572,Sandviken,60.6167,16.7667,32.7,88,100,10.4,SE,2022-02-08 05:08:01
573,Ludwigslust,53.3167,11.5,40.82,86,100,13.91,DE,2022-02-08 05:08:01
574,Iranshahr,27.2025,60.6848,58.95,51,0,4.81,IR,2022-02-08 05:08:02
575,Sakakah,29.9697,40.2064,49.35,45,0,5.3,SA,2022-02-08 05:08:02
576,Vestmanna,62.1564,-7.1664,32.92,80,75,37.98,FO,2022-02-08 05:08:02
577,Makokou,0.5738,12.8642,68.92,92,7,2.95,GA,2022-02-08 05:08:03
578,Joshimath,30.5667,79.5667,48.92,36,0,3.74,IN,2022-02-08 05:08:04
579,Chilca,-12.5211,-76.7372,70.61,82,100,5.61,PE,2022-02-08 05:08:04
580,San Cristobal,7.7669,-72.225,69.98,79,88,1.36,VE,2022-02-08 05:08:04
581,Minna,9.6139,6.5569,73.9,17,47,9.75,NG,2022-02-08 05:08:05
582,Nyimba,-14.5566,30.8149,67.35,94,58,1.36,ZM,2022-02-08 05:08:05
583,Lavrentiya,65.5833,-171.0,-26.68,91,1,11.7,RU,2022-02-08 05:08:06
584,Barkhan,29.8977,69.5256,54.45,40,8,3.27,PK,2022-02-08 05:08:06
585,Pingdu,36.7844,119.9464,43.9,21,2,7.43,CN,2022-02-08 05:08:07
